qid	slice	region_hint	title_en	year	imdb	sitelinks	reason
Q3222399	africa	BF	Wend Kuuni	1982	tt0084898	9	Sub-Saharan Africa has zero titles in the current 300 (North Africa only: Egypt, Tunisia, Morocco, Algeria, Sudan) -- a real geographic/cultural gap, not a token gesture.
Q647665	africa	BW	The Gods Must Be Crazy	1980	tt0080801	49	Sub-Saharan Africa has zero titles in the current 300 (North Africa only: Egypt, Tunisia, Morocco, Algeria, Sudan) -- a real geographic/cultural gap, not a token gesture.
Q28222427	africa	CD	Félicité	2017	tt5980798	28	Sub-Saharan Africa has zero titles in the current 300 (North Africa only: Egypt, Tunisia, Morocco, Algeria, Sudan) -- a real geographic/cultural gap, not a token gesture.
Q1453226	africa	ET	Teza	2008	tt1284592	16	Sub-Saharan Africa has zero titles in the current 300 (North Africa only: Egypt, Tunisia, Morocco, Algeria, Sudan) -- a real geographic/cultural gap, not a token gesture.
Q52272990	africa	KE	Rafiki	2018	tt8286894	22	Sub-Saharan Africa has zero titles in the current 300 (North Africa only: Egypt, Tunisia, Morocco, Algeria, Sudan) -- a real geographic/cultural gap, not a token gesture.
Q1338623	africa	KE	Nairobi Half Life	2012	tt2234428	16	Sub-Saharan Africa has zero titles in the current 300 (North Africa only: Egypt, Tunisia, Morocco, Algeria, Sudan) -- a real geographic/cultural gap, not a token gesture.
Q48671647	africa	KE	Supa Modo	2018	tt7772412	15	Sub-Saharan Africa has zero titles in the current 300 (North Africa only: Egypt, Tunisia, Morocco, Algeria, Sudan) -- a real geographic/cultural gap, not a token gesture.
Q2335016	africa	ML	Yeelen	1987	tt0094349	24	Sub-Saharan Africa has zero titles in the current 300 (North Africa only: Egypt, Tunisia, Morocco, Algeria, Sudan) -- a real geographic/cultural gap, not a token gesture.
Q178070	africa	ML	Bamako	2006	tt0814666	17	Sub-Saharan Africa has zero titles in the current 300 (North Africa only: Egypt, Tunisia, Morocco, Algeria, Sudan) -- a real geographic/cultural gap, not a token gesture.
Q57312074	africa	NG	Lionheart	2018	tt7707314	19	Sub-Saharan Africa has zero titles in the current 300 (North Africa only: Egypt, Tunisia, Morocco, Algeria, Sudan) -- a real geographic/cultural gap, not a token gesture.
Q16556678	africa	NG	Half of a Yellow Sun	2014	tt2215077	14	Sub-Saharan Africa has zero titles in the current 300 (North Africa only: Egypt, Tunisia, Morocco, Algeria, Sudan) -- a real geographic/cultural gap, not a token gesture.
Q124319816	africa	SN	Dahomey	2024	tt31015216	20	Sub-Saharan Africa has zero titles in the current 300 (North Africa only: Egypt, Tunisia, Morocco, Algeria, Sudan) -- a real geographic/cultural gap, not a token gesture.
Q3211102	africa	SN	Black Girl	1966	tt0060758	19	Sub-Saharan Africa has zero titles in the current 300 (North Africa only: Egypt, Tunisia, Morocco, Algeria, Sudan) -- a real geographic/cultural gap, not a token gesture.
Q3310901	africa	SN	Touki Bouki	1973	tt0070820	19	Sub-Saharan Africa has zero titles in the current 300 (North Africa only: Egypt, Tunisia, Morocco, Algeria, Sudan) -- a real geographic/cultural gap, not a token gesture.
Q1131452	africa	SN	Moolaadé	2004	tt0416991	17	Sub-Saharan Africa has zero titles in the current 300 (North Africa only: Egypt, Tunisia, Morocco, Algeria, Sudan) -- a real geographic/cultural gap, not a token gesture.
Q3144472	africa	SN	Hyènes	1992	tt0104467	17	Sub-Saharan Africa has zero titles in the current 300 (North Africa only: Egypt, Tunisia, Morocco, Algeria, Sudan) -- a real geographic/cultural gap, not a token gesture.
Q1538018	africa	SN	Xala	1975	tt0073915	14	Sub-Saharan Africa has zero titles in the current 300 (North Africa only: Egypt, Tunisia, Morocco, Algeria, Sudan) -- a real geographic/cultural gap, not a token gesture.
Q626215	africa	ZA	Tsotsi	2005	tt0468565	41	Sub-Saharan Africa has zero titles in the current 300 (North Africa only: Egypt, Tunisia, Morocco, Algeria, Sudan) -- a real geographic/cultural gap, not a token gesture.
Q636356	africa	ZA	A Dry White Season	1989	tt0097243	29	Sub-Saharan Africa has zero titles in the current 300 (North Africa only: Egypt, Tunisia, Morocco, Algeria, Sudan) -- a real geographic/cultural gap, not a token gesture.
Q99372651	africa	ZA	My Octopus Teacher	2020	tt12888462	19	Sub-Saharan Africa has zero titles in the current 300 (North Africa only: Egypt, Tunisia, Morocco, Algeria, Sudan) -- a real geographic/cultural gap, not a token gesture.
Q2577161	africa	ZA	Sarafina!	1992	tt0105316	18	Sub-Saharan Africa has zero titles in the current 300 (North Africa only: Egypt, Tunisia, Morocco, Algeria, Sudan) -- a real geographic/cultural gap, not a token gesture.
Q2141815	africa	ZA	U-Carmen eKhayelitsha	2005	tt0445776	18	Sub-Saharan Africa has zero titles in the current 300 (North Africa only: Egypt, Tunisia, Morocco, Algeria, Sudan) -- a real geographic/cultural gap, not a token gesture.
Q29514875	africa	ZM	I Am Not a Witch	2017	tt6213284	16	Sub-Saharan Africa has zero titles in the current 300 (North Africa only: Egypt, Tunisia, Morocco, Algeria, Sudan) -- a real geographic/cultural gap, not a token gesture.
Q136605	arabgulf	DZ	Z	1969	tt0065234	42	Deepens the existing Arabic slice: Gulf/Sudan/Iraq/Maghreb representation beyond the current Egypt-heavy 105.
Q1466744	arabgulf	DZ	Days of Glory	2006	tt0444182	25	Deepens the existing Arabic slice: Gulf/Sudan/Iraq/Maghreb representation beyond the current Egypt-heavy 105.
Q2067859	arabgulf	DZ	The Stranger	1967	tt0062310	24	Deepens the existing Arabic slice: Gulf/Sudan/Iraq/Maghreb representation beyond the current Egypt-heavy 105.
Q1278929	arabgulf	IQ	Turtles Can Fly	2004	tt0424227	27	Deepens the existing Arabic slice: Gulf/Sudan/Iraq/Maghreb representation beyond the current Egypt-heavy 105.
Q5306675	arabgulf	IQ	Dreams	2006	tt0854114	6	Deepens the existing Arabic slice: Gulf/Sudan/Iraq/Maghreb representation beyond the current Egypt-heavy 105.
Q588464	arabgulf	LY	The Message	1976	tt0074896	38	Deepens the existing Arabic slice: Gulf/Sudan/Iraq/Maghreb representation beyond the current Egypt-heavy 105.
Q61726687	arabgulf	SD	Talking About Trees	2019	tt9658178	8	Deepens the existing Arabic slice: Gulf/Sudan/Iraq/Maghreb representation beyond the current Egypt-heavy 105.
Q1679822	arabgulf	TN	Outside the Law	2010	tt1229381	20	Deepens the existing Arabic slice: Gulf/Sudan/Iraq/Maghreb representation beyond the current Egypt-heavy 105.
Q52063157	arabgulf	TN	Dear Son	2018	tt7537960	9	Deepens the existing Arabic slice: Gulf/Sudan/Iraq/Maghreb representation beyond the current Egypt-heavy 105.
Q845235	eastasia_weurope	BA	No Man's Land	2001	tt0283509	46	Mainland Chinese, Taiwanese and several Western European national cinemas are thin or absent (mainland China 1, no Greece/Belgium/Netherlands/Finland).
Q15921236	eastasia_weurope	BE	Two Days, One Night	2014	tt2737050	35	Mainland Chinese, Taiwanese and several Western European national cinemas are thin or absent (mainland China 1, no Greece/Belgium/Netherlands/Finland).
Q2072055	eastasia_weurope	BE	The Kid with a Bike	2011	tt1827512	23	Mainland Chinese, Taiwanese and several Western European national cinemas are thin or absent (mainland China 1, no Greece/Belgium/Netherlands/Finland).
Q665146	eastasia_weurope	CN	Raise the Red Lantern	1991	tt0101640	27	Mainland Chinese, Taiwanese and several Western European national cinemas are thin or absent (mainland China 1, no Greece/Belgium/Netherlands/Finland).
Q13218237	eastasia_weurope	CN	A Touch of Sin	2013	tt2852400	19	Mainland Chinese, Taiwanese and several Western European national cinemas are thin or absent (mainland China 1, no Greece/Belgium/Netherlands/Finland).
Q944984	eastasia_weurope	FI	The Man Without a Past	2002	tt0311519	32	Mainland Chinese, Taiwanese and several Western European national cinemas are thin or absent (mainland China 1, no Greece/Belgium/Netherlands/Finland).
Q11648811	eastasia_weurope	FR	Blue Is the Warmest Colour	2013	tt2278871	50	Mainland Chinese, Taiwanese and several Western European national cinemas are thin or absent (mainland China 1, no Greece/Belgium/Netherlands/Finland).
Q818710	eastasia_weurope	GR	Zorba the Greek	1964	tt0057831	48	Mainland Chinese, Taiwanese and several Western European national cinemas are thin or absent (mainland China 1, no Greece/Belgium/Netherlands/Finland).
Q1075918	eastasia_weurope	GR	Dogtooth	2009	tt1379182	31	Mainland Chinese, Taiwanese and several Western European national cinemas are thin or absent (mainland China 1, no Greece/Belgium/Netherlands/Finland).
Q30612427	eastasia_weurope	GR	Suntan	2016	tt3954660	7	Mainland Chinese, Taiwanese and several Western European national cinemas are thin or absent (mainland China 1, no Greece/Belgium/Netherlands/Finland).
Q258647	eastasia_weurope	IT	Il Postino: The Postman	1994	tt0110877	45	Mainland Chinese, Taiwanese and several Western European national cinemas are thin or absent (mainland China 1, no Greece/Belgium/Netherlands/Finland).
Q710745	eastasia_weurope	TW	A Brighter Summer Day	1991	tt0101985	19	Mainland Chinese, Taiwanese and several Western European national cinemas are thin or absent (mainland China 1, no Greece/Belgium/Netherlands/Finland).
Q708945	eastasia_weurope	TW	Three Times	2005	tt0459666	15	Mainland Chinese, Taiwanese and several Western European national cinemas are thin or absent (mainland China 1, no Greece/Belgium/Netherlands/Finland).
Q738526	eeurope	CZ	Closely Watched Trains	1966	tt0060802	45	Eastern Europe / Central Asia is thin (Russia 2, Poland 1, Hungary 1) with several major national cinemas at zero.
Q595196	eeurope	CZ	The Shop on Main Street	1965	tt0059527	44	Eastern Europe / Central Asia is thin (Russia 2, Poland 1, Hungary 1) with several major national cinemas at zero.
Q1141186	eeurope	CZ	Kolya	1997	tt0116790	40	Eastern Europe / Central Asia is thin (Russia 2, Poland 1, Hungary 1) with several major national cinemas at zero.
Q80227	eeurope	GE	Repentance	1984	tt0093754	27	Eastern Europe / Central Asia is thin (Russia 2, Poland 1, Hungary 1) with several major national cinemas at zero.
Q17592291	eeurope	GE	Corn Island	2014	tt1863192	18	Eastern Europe / Central Asia is thin (Russia 2, Poland 1, Hungary 1) with several major national cinemas at zero.
Q28532723	eeurope	GE	My Happy Family	2017	tt5791536	9	Eastern Europe / Central Asia is thin (Russia 2, Poland 1, Hungary 1) with several major national cinemas at zero.
Q314418	eeurope	HU	Mephisto	1981	tt0082736	37	Eastern Europe / Central Asia is thin (Russia 2, Poland 1, Hungary 1) with several major national cinemas at zero.
Q53481	eeurope	HU	Sátántangó	1994	tt0111341	24	Eastern Europe / Central Asia is thin (Russia 2, Poland 1, Hungary 1) with several major national cinemas at zero.
Q509169	eeurope	HU	Werckmeister Harmonies	2000	tt0249241	16	Eastern Europe / Central Asia is thin (Russia 2, Poland 1, Hungary 1) with several major national cinemas at zero.
Q733059	eeurope	KZ	Mongol	2007	tt0416044	44	Eastern Europe / Central Asia is thin (Russia 2, Poland 1, Hungary 1) with several major national cinemas at zero.
Q584029	eeurope	KZ	Tulpan	2008	tt0436854	11	Eastern Europe / Central Asia is thin (Russia 2, Poland 1, Hungary 1) with several major national cinemas at zero.
Q5104640	eeurope	KZ	Harmony Lessons	2013	tt2385101	11	Eastern Europe / Central Asia is thin (Russia 2, Poland 1, Hungary 1) with several major national cinemas at zero.
Q150804	eeurope	PL	The Pianist	2002	tt0253474	78	Eastern Europe / Central Asia is thin (Russia 2, Poland 1, Hungary 1) with several major national cinemas at zero.
Q714713	eeurope	PL	Katyń	2007	tt0879843	45	Eastern Europe / Central Asia is thin (Russia 2, Poland 1, Hungary 1) with several major national cinemas at zero.
Q115993222	eeurope	PL	The Zone of Interest	2023	tt7160372	43	Eastern Europe / Central Asia is thin (Russia 2, Poland 1, Hungary 1) with several major national cinemas at zero.
Q932814	eeurope	PL	Three Colours: Blue	1993	tt0108394	42	Eastern Europe / Central Asia is thin (Russia 2, Poland 1, Hungary 1) with several major national cinemas at zero.
Q952142	eeurope	PL	Three Colours: Red	1994	tt0111495	42	Eastern Europe / Central Asia is thin (Russia 2, Poland 1, Hungary 1) with several major national cinemas at zero.
Q51834363	eeurope	PL	Cold War	2018	tt6543652	39	Eastern Europe / Central Asia is thin (Russia 2, Poland 1, Hungary 1) with several major national cinemas at zero.
Q722281	eeurope	PL	Ashes and Diamonds	1958	tt0052080	36	Eastern Europe / Central Asia is thin (Russia 2, Poland 1, Hungary 1) with several major national cinemas at zero.
Q1195506	eeurope	PL	Man of Marble	1977	tt0075902	27	Eastern Europe / Central Asia is thin (Russia 2, Poland 1, Hungary 1) with several major national cinemas at zero.
Q238245	eeurope	RO	4 Months, 3 Weeks and 2 Days	2007	tt1032846	44	Eastern Europe / Central Asia is thin (Russia 2, Poland 1, Hungary 1) with several major national cinemas at zero.
Q23762934	eeurope	RO	Graduation	2016	tt4936450	22	Eastern Europe / Central Asia is thin (Russia 2, Poland 1, Hungary 1) with several major national cinemas at zero.
Q1197442	eeurope	RO	The Death of Mr. Lazarescu	2005	tt0456149	21	Eastern Europe / Central Asia is thin (Russia 2, Poland 1, Hungary 1) with several major national cinemas at zero.
Q156516	eeurope	RS	Underground	1995	tt0114787	42	Eastern Europe / Central Asia is thin (Russia 2, Poland 1, Hungary 1) with several major national cinemas at zero.
Q147878	eeurope	RU	Ivan's Childhood	1962	tt0056111	51	Eastern Europe / Central Asia is thin (Russia 2, Poland 1, Hungary 1) with several major national cinemas at zero.
Q333637	eeurope	RU	Well, Just You Wait!	1969	tt0234355	51	Eastern Europe / Central Asia is thin (Russia 2, Poland 1, Hungary 1) with several major national cinemas at zero.
Q1127167	eeurope	RU	Burnt by the Sun	1994	tt0111579	47	Eastern Europe / Central Asia is thin (Russia 2, Poland 1, Hungary 1) with several major national cinemas at zero.
Q1130395	eeurope	RU	Come and See	1985	tt0091251	44	Eastern Europe / Central Asia is thin (Russia 2, Poland 1, Hungary 1) with several major national cinemas at zero.
Q15972383	eeurope	RU	Leviathan	2014	tt2802154	44	Eastern Europe / Central Asia is thin (Russia 2, Poland 1, Hungary 1) with several major national cinemas at zero.
Q829250	eeurope	RU	Man with a Movie Camera	1929	tt0019760	42	Eastern Europe / Central Asia is thin (Russia 2, Poland 1, Hungary 1) with several major national cinemas at zero.
Q714524	eeurope	RU	The Cranes Are Flying	1957	tt0050634	41	Eastern Europe / Central Asia is thin (Russia 2, Poland 1, Hungary 1) with several major national cinemas at zero.
Q7712287	genre_fill	ID	The Act of Killing	2012	tt2375605	27	Fills genres near-zero in the current 300: Documentary (3), War (10), Political (2) -- picked to double as regional diversity where possible.
Q23925023	genre_fill	IR	Under the Shadow	2016	tt4273292	17	Fills genres near-zero in the current 300: Documentary (3), War (10), Political (2) -- picked to double as regional diversity where possible.
Q274520	genre_fill	JP	Grave of the Fireflies	1988	tt0095327	57	Fills genres near-zero in the current 300: Documentary (3), War (10), Political (2) -- picked to double as regional diversity where possible.
Q531328	genre_fill	JP	Ring	1998	tt0178868	36	Fills genres near-zero in the current 300: Documentary (3), War (10), Political (2) -- picked to double as regional diversity where possible.
Q565130	genre_fill	JP	Audition	1999	tt0235198	32	Fills genres near-zero in the current 300: Documentary (3), War (10), Political (2) -- picked to double as regional diversity where possible.
Q61456310	genre_fill	MK	Honeyland	2019	tt8991268	25	Fills genres near-zero in the current 300: Documentary (3), War (10), Political (2) -- picked to double as regional diversity where possible.
Q1417721	genre_fill	US	Man on Wire	2008	tt1155592	25	Fills genres near-zero in the current 300: Documentary (3), War (10), Political (2) -- picked to double as regional diversity where possible.
Q17061299	genre_fill	US	A Girl Walks Home Alone at Night	2014	tt2326554	19	Fills genres near-zero in the current 300: Documentary (3), War (10), Political (2) -- picked to double as regional diversity where possible.
Q511914	genre_fill	US	Hoop Dreams	1994	tt0110057	15	Fills genres near-zero in the current 300: Documentary (3), War (10), Political (2) -- picked to double as regional diversity where possible.
Q309246	latam	AR	The Motorcycle Diaries	2004	tt0318462	45	Latin America has 5/300 titles (Mexico 2, Argentina 2, Brazil 1) despite being a major world cinema region.
Q22931120	latam	AR	Zama	2016	tt3409848	20	Latin America has 5/300 titles (Mexico 2, Argentina 2, Brazil 1) despite being a major world cinema region.
Q1405016	latam	AR	The Holy Girl	2004	tt0300270	12	Latin America has 5/300 titles (Mexico 2, Argentina 2, Brazil 1) despite being a major world cinema region.
Q3214034	latam	AR	La Ciénaga	2001	tt0240419	11	Latin America has 5/300 titles (Mexico 2, Argentina 2, Brazil 1) despite being a major world cinema region.
Q538266	latam	BR	Black Orpheus	1959	tt0053146	44	Latin America has 5/300 titles (Mexico 2, Argentina 2, Brazil 1) despite being a major world cinema region.
Q1054036	latam	BR	Central Station	1998	tt0140888	28	Latin America has 5/300 titles (Mexico 2, Argentina 2, Brazil 1) despite being a major world cinema region.
Q28127580	latam	CL	A Fantastic Woman	2017	tt5639354	39	Latin America has 5/300 titles (Mexico 2, Argentina 2, Brazil 1) despite being a major world cinema region.
Q1774421	latam	CL	The Maid	2009	tt1187044	15	Latin America has 5/300 titles (Mexico 2, Argentina 2, Brazil 1) despite being a major world cinema region.
Q19824642	latam	CO	Embrace of the Serpent	2015	tt4285496	33	Latin America has 5/300 titles (Mexico 2, Argentina 2, Brazil 1) despite being a major world cinema region.
Q925448	latam	CU	Strawberry and Chocolate	1993	tt0106966	28	Latin America has 5/300 titles (Mexico 2, Argentina 2, Brazil 1) despite being a major world cinema region.
Q2645467	latam	CU	Memories of Underdevelopment	1968	tt0063291	19	Latin America has 5/300 titles (Mexico 2, Argentina 2, Brazil 1) despite being a major world cinema region.
Q18702255	latam	GT	Ixcanul	2015	tt4135844	22	Latin America has 5/300 titles (Mexico 2, Argentina 2, Brazil 1) despite being a major world cinema region.
Q216006	latam	MX	Pan's Labyrinth	2006	tt0457430	58	Latin America has 5/300 titles (Mexico 2, Argentina 2, Brazil 1) despite being a major world cinema region.
Q852841	latam	MX	Viridiana	1961	tt0055601	39	Latin America has 5/300 titles (Mexico 2, Argentina 2, Brazil 1) despite being a major world cinema region.
Q474098	latam	MX	Amores perros	2000	tt0245712	38	Latin America has 5/300 titles (Mexico 2, Argentina 2, Brazil 1) despite being a major world cinema region.
Q325662	latam	PE	Aguirre, the Wrath of God	1972	tt0068182	53	Latin America has 5/300 titles (Mexico 2, Argentina 2, Brazil 1) despite being a major world cinema region.
Q698111	latam	PE	Fitzcarraldo	1982	tt0083946	41	Latin America has 5/300 titles (Mexico 2, Argentina 2, Brazil 1) despite being a major world cinema region.
Q1129420	latam	PE	The Milk of Sorrow	2009	tt1206488	29	Latin America has 5/300 titles (Mexico 2, Argentina 2, Brazil 1) despite being a major world cinema region.
Q1507689	latam	PE	Madeinusa	2006	tt0476298	10	Latin America has 5/300 titles (Mexico 2, Argentina 2, Brazil 1) despite being a major world cinema region.
Q3204464	sea	BD	Matir Moina	2002	tt0319836	9	Southeast Asia beyond one Indonesian title, and South Asia beyond India, are absent from the current 300.
Q13385946	sea	ID	The Raid 2	2014	tt2265171	24	Southeast Asia beyond one Indonesian title, and South Asia beyond India, are absent from the current 300.
Q29832008	sea	ID	Marlina the Murderer in Four Acts	2017	tt5923026	12	Southeast Asia beyond one Indonesian title, and South Asia beyond India, are absent from the current 300.
Q118753835	sea	MY	Tiger Stripes	2023	tt10803634	8	Southeast Asia beyond one Indonesian title, and South Asia beyond India, are absent from the current 300.
Q3472337	sea	MY	Sepet	2004	tt0433692	5	Southeast Asia beyond one Indonesian title, and South Asia beyond India, are absent from the current 300.
Q26158148	sea	PH	The Woman Who Left	2016	tt5843990	22	Southeast Asia beyond one Indonesian title, and South Asia beyond India, are absent from the current 300.
Q13099348	sea	PH	Norte, the End of History	2013	tt2852432	11	Southeast Asia beyond one Indonesian title, and South Asia beyond India, are absent from the current 300.
Q14640617	sea	PH	Metro Manila	2013	tt1845838	9	Southeast Asia beyond one Indonesian title, and South Asia beyond India, are absent from the current 300.
Q24905214	sea	PK	The Glassworker	2024	tt5986440	19	Southeast Asia beyond one Indonesian title, and South Asia beyond India, are absent from the current 300.
Q3234769	sea	PK	Jinnah	1998	tt0183306	18	Southeast Asia beyond one Indonesian title, and South Asia beyond India, are absent from the current 300.
Q2574952	sea	PK	Khamosh Pani	2003	tt0357283	10	Southeast Asia beyond one Indonesian title, and South Asia beyond India, are absent from the current 300.
Q14912470	sea	PK	Zinda Bhaag	2013	tt2387627	5	Southeast Asia beyond one Indonesian title, and South Asia beyond India, are absent from the current 300.
Q553901	sea	TH	Uncle Boonmee Who Can Recall His Past Lives	2010	tt1588895	30	Southeast Asia beyond one Indonesian title, and South Asia beyond India, are absent from the current 300.
Q831437	sea	TH	Ong-Bak: Muay Thai Warrior	2003	tt0368909	27	Southeast Asia beyond one Indonesian title, and South Asia beyond India, are absent from the current 300.
Q125294821	sea	TH	How to Make Millions Before Grandma Dies	2024	tt31392609	23	Southeast Asia beyond one Indonesian title, and South Asia beyond India, are absent from the current 300.
Q29465710	sea	TH	Bad Genius	2017	tt6788942	20	Southeast Asia beyond one Indonesian title, and South Asia beyond India, are absent from the current 300.
Q67087116	sea	TH	Memoria	2021	tt8399288	19	Southeast Asia beyond one Indonesian title, and South Asia beyond India, are absent from the current 300.
Q594131	sea	TH	Tropical Malady	2004	tt0381668	17	Southeast Asia beyond one Indonesian title, and South Asia beyond India, are absent from the current 300.
Q19892219	sea	TH	Cemetery of Splendour	2015	tt2818654	11	Southeast Asia beyond one Indonesian title, and South Asia beyond India, are absent from the current 300.
Q3508807	sea	TH	Syndromes and a Century	2006	tt0477731	7	Southeast Asia beyond one Indonesian title, and South Asia beyond India, are absent from the current 300.
Q1193051	sea	VN	The Scent of Green Papaya	1993	tt0107617	19	Southeast Asia beyond one Indonesian title, and South Asia beyond India, are absent from the current 300.
